date,record_count
2024:01:01,3
2024:01:02,3
2024:01:03,3
2024:01:04,3
2024:01:05,3
2024:01:06,3
2024:01:07,3
2024:01:08,3
2024:01:09,3
2024:01:10,3
2024:01:11,3
2024:01:12,3
2024:01:13,3
2024:01:14,3
2024:01:15,3
2024:01:16,3
2024:01:17,3
2024:01:18,3
2024:01:19,3
2024:01:20,3
2024:01:21,3
2024:01:22,3
2024:01:23,3
2024:01:24,3
2024:01:25,3
2024:01:26,3
2024:01:27,3
2024:01:28,3
2024:01:29,3
2024:01:30,3
2024:01:31,3
2024:02:01,3
2024:02:02,3
2024:02:03,3
2024:02:04,3
2024:02:05,3
2024:02:06,3
2024:02:07,3
2024:02:08,3
2024:02:09,3
2024:02:10,3
2024:02:11,3
2024:02:12,3
2024:02:13,3
2024:02:14,3
2024:02:15,3
2024:02:16,3
2024:02:17,3
2024:02:18,3
2024:02:19,3
2024:02:20,3
2024:02:21,3
2024:02:22,3
2024:02:23,3
2024:02:24,3
2024:02:25,3
2024:02:26,3
2024:02:27,3
2024:02:28,3
2024:02:29,3
2024:03:01,3
2024:03:02,3
2024:03:03,3
2024:03:04,3
2024:03:05,3
2024:03:06,3
2024:03:07,3
2024:03:08,3
2024:03:09,3
2024:03:10,3
2024:03:11,3
2024:03:12,3
2024:03:13,3
2024:03:14,3
2024:03:15,3
2024:03:16,3
2024:03:17,3
2024:03:18,3
2024:03:19,3
2024:03:20,3
2024:03:21,3
2024:03:22,3
2024:03:23,3
2024:03:24,3
2024:03:25,3
2024:03:26,3
2024:03:27,3
2024:03:28,3
2024:03:29,3
2024:03:30,3
2024:03:31,3
2024:04:01,3
2024:04:02,3
2024:04:03,3
2024:04:04,3
2024:04:05,3
2024:04:06,3
2024:04:07,3
2024:04:08,3
2024:04:09,3
2024:04:10,3
2024:04:11,3
2024:04:12,3
2024:04:13,3
2024:04:14,3
2024:04:15,3
2024:04:16,3
2024:04:17,3
2024:04:18,3
2024:04:19,3
2024:04:20,3
2024:04:21,3
2024:04:22,3
2024:04:23,3
2024:04:24,3
2024:04:25,3
2024:04:26,3
2024:04:27,3
2024:04:28,3
2024:04:29,3
2024:04:30,3
2024:05:01,0
2024:05:02,0
2024:05:03,0
2024:05:04,0
2024:05:05,0
2024:05:06,0
2024:05:07,0
2024:05:08,0
2024:05:09,0
2024:05:10,0
2024:05:11,0
2024:05:12,0
2024:05:13,0
2024:05:14,0
2024:05:15,0
2024:05:16,0
2024:05:17,0
2024:05:18,0
2024:05:19,0
